"STATION","NAME","DATE","TAVG","TMAX","TMIN"
"USW00094290","SEATTLE SAND POINT WEATHER FORECAST OFFICE, WA US","2025-06-01",,"67","53"
"USW00094290","SEATTLE SAND POINT WEATHER FORECAST OFFICE, WA US","2025-06-02",,"60","55"
"USW00094290","SEATTLE SAND POINT WEATHER FORECAST OFFICE, WA US","2025-06-03",,"62","52"
"USW00094290","SEATTLE SAND POINT WEATHER FORECAST OFFICE, WA US","2025-06-04",,"66","51"
"USW00094290","SEATTLE SAND POINT WEATHER FORECAST OFFICE, WA US","2025-06-05",,"68","52"
"USW00094290","SEATTLE SAND POINT WEATHER FORECAST OFFICE, WA US","2025-06-06",,"70","47"
"USW00094290","SEATTLE SAND POINT WEATHER FORECAST OFFICE, WA US","2025-06-07",,"75","51"
"USW00094290","SEATTLE SAND POINT WEATHER FORECAST OFFICE, WA US","2025-06-08",,"80","51"
"USW00094290","SEATTLE SAND POINT WEATHER FORECAST OFFICE, WA US","2025-06-09",,"74","53"
"USW00094290","SEATTLE SAND POINT WEATHER FORECAST OFFICE, WA US","2025-06-10",,"73","53"
"USW00094290","SEATTLE SAND POINT WEATHER FORECAST OFFICE, WA US","2025-06-11",,"69","53"
"USW00094290","SEATTLE SAND POINT WEATHER FORECAST OFFICE, WA US","2025-06-12",,"67","51"
"USW00094290","SEATTLE SAND POINT WEATHER FORECAST OFFICE, WA US","2025-06-13",,"72","47"
"USW00094290","SEATTLE SAND POINT WEATHER FORECAST OFFICE, WA US","2025-06-14",,"65","50"
"USW00094290","SEATTLE SAND POINT WEATHER FORECAST OFFICE, WA US","2025-06-15",,"63","50"
"USW00094290","SEATTLE SAND POINT WEATHER FORECAST OFFICE, WA US","2025-06-16",,"67","49"
"USW00094290","SEATTLE SAND POINT WEATHER FORECAST OFFICE, WA US","2025-06-17",,"62","51"
"USW00094290","SEATTLE SAND POINT WEATHER FORECAST OFFICE, WA US","2025-06-18",,"71","52"
"USW00094290","SEATTLE SAND POINT WEATHER FORECAST OFFICE, WA US","2025-06-19",,"75","51"
"USW00094290","SEATTLE SAND POINT WEATHER FORECAST OFFICE, WA US","2025-06-20",,"78","52"
"USW00094290","SEATTLE SAND POINT WEATHER FORECAST OFFICE, WA US","2025-06-21",,"85","54"
"USW00094290","SEATTLE SAND POINT WEATHER FORECAST OFFICE, WA US","2025-06-22",,"75","57"
"USW00094290","SEATTLE SAND POINT WEATHER FORECAST OFFICE, WA US","2025-06-23",,"70","56"
"USW00094290","SEATTLE SAND POINT WEATHER FORECAST OFFICE, WA US","2025-06-24",,"73","56"
"USW00094290","SEATTLE SAND POINT WEATHER FORECAST OFFICE, WA US","2025-06-25",,"77","51"
"USW00094290","SEATTLE SAND POINT WEATHER FORECAST OFFICE, WA US","2025-06-26",,"71","52"
"USW00094290","SEATTLE SAND POINT WEATHER FORECAST OFFICE, WA US","2025-06-27",,"60","54"
"USW00094290","SEATTLE SAND POINT WEATHER FORECAST OFFICE, WA US","2025-06-28",,"73","54"
"USW00094290","SEATTLE SAND POINT WEATHER FORECAST OFFICE, WA US","2025-06-29",,"75","56"
"USW00094290","SEATTLE SAND POINT WEATHER FORECAST OFFICE, WA US","2025-06-30",,"75","60"
"USW00094290","SEATTLE SAND POINT WEATHER FORECAST OFFICE, WA US","2025-07-01",,"77","58"
"USW00094290","SEATTLE SAND POINT WEATHER FORECAST OFFICE, WA US","2025-07-02",,"73","53"
"USW00094290","SEATTLE SAND POINT WEATHER FORECAST OFFICE, WA US","2025-07-03",,"78","53"
"USW00094290","SEATTLE SAND POINT WEATHER FORECAST OFFICE, WA US","2025-07-04",,"82","52"
"USW00094290","SEATTLE SAND POINT WEATHER FORECAST OFFICE, WA US","2025-07-05",,"85","58"
"USW00094290","SEATTLE SAND POINT WEATHER FORECAST OFFICE, WA US","2025-07-06",,"87","57"
"USW00094290","SEATTLE SAND POINT WEATHER FORECAST OFFICE, WA US","2025-07-07",,"92","60"
"USW00094290","SEATTLE SAND POINT WEATHER FORECAST OFFICE, WA US","2025-07-08",,"91","63"
"USW00094290","SEATTLE SAND POINT WEATHER FORECAST OFFICE, WA US","2025-07-09",,"97","64"
"USW00094290","SEATTLE SAND POINT WEATHER FORECAST OFFICE, WA US","2025-07-10",,"87","64"
"USW00094290","SEATTLE SAND POINT WEATHER FORECAST OFFICE, WA US","2025-07-11",,"84","59"
"USW00094290","SEATTLE SAND POINT WEATHER FORECAST OFFICE, WA US","2025-07-12",,"83","56"
"USW00094290","SEATTLE SAND POINT WEATHER FORECAST OFFICE, WA US","2025-07-13",,"86","61"
"USW00094290","SEATTLE SAND POINT WEATHER FORECAST OFFICE, WA US","2025-07-14",,"86","62"
"USW00094290","SEATTLE SAND POINT WEATHER FORECAST OFFICE, WA US","2025-07-15",,"82","58"
"USW00094290","SEATTLE SAND POINT WEATHER FORECAST OFFICE, WA US","2025-07-16",,"87","60"
"USW00094290","SEATTLE SAND POINT WEATHER FORECAST OFFICE, WA US","2025-07-17",,"87","64"
"USW00094290","SEATTLE SAND POINT WEATHER FORECAST OFFICE, WA US","2025-07-18",,"85","60"
"USW00094290","SEATTLE SAND POINT WEATHER FORECAST OFFICE, WA US","2025-07-19",,"84","58"
"USW00094290","SEATTLE SAND POINT WEATHER FORECAST OFFICE, WA US","2025-07-20",,"86","58"
"USW00094290","SEATTLE SAND POINT WEATHER FORECAST OFFICE, WA US","2025-07-21",,"80","59"
"USW00094290","SEATTLE SAND POINT WEATHER FORECAST OFFICE, WA US","2025-07-22",,"68","58"
"USW00094290","SEATTLE SAND POINT WEATHER FORECAST OFFICE, WA US","2025-07-23",,"75","58"
"USW00094290","SEATTLE SAND POINT WEATHER FORECAST OFFICE, WA US","2025-07-24",,"79","52"
"USW00094290","SEATTLE SAND POINT WEATHER FORECAST OFFICE, WA US","2025-07-25",,"75","58"
"USW00094290","SEATTLE SAND POINT WEATHER FORECAST OFFICE, WA US","2025-07-26",,"76","53"
"USW00094290","SEATTLE SAND POINT WEATHER FORECAST OFFICE, WA US","2025-07-27",,"79","57"
"USW00094290","SEATTLE SAND POINT WEATHER FORECAST OFFICE, WA US","2025-07-28",,"73","57"
"USW00094290","SEATTLE SAND POINT WEATHER FORECAST OFFICE, WA US","2025-07-29",,"70","60"
"USW00094290","SEATTLE SAND POINT WEATHER FORECAST OFFICE, WA US","2025-07-30",,"77","61"
"USW00094290","SEATTLE SAND POINT WEATHER FORECAST OFFICE, WA US","2025-07-31",,"81","60"
